customer_return_rate,total_previous_orders,total_previous_returns,customer_history_days,days_since_last_order,cart_value,cart_item_count,multiple_sizes_same_product,max_sizes_same_product,average_product_return_rate,previous_returns_same_category,avg_days_to_return,return_abuse_label
0.0,7,0,696,17,2024.58,2,0,1,0.1842,0,0.0,0
0.0769,13,1,185,30,1557.37,1,0,1,0.2622,0,29.08,0
0.0,11,0,547,14,2041.0,1,0,1,0.0985,0,0.0,0
0.2308,13,3,685,9,1120.98,1,0,1,0.1787,0,17.94,1
0.0,18,0,920,24,1167.78,2,0,1,0.3248,0,0.0,0
0.0667,15,1,939,28,1362.8,1,0,1,0.3312,0,12.85,0
0.0625,16,1,659,13,1448.99,1,0,1,0.1856,0,27.23,0
0.0,8,0,767,26,2110.88,2,0,1,0.1568,0,0.0,0
0.2188,32,7,983,32,3882.93,1,0,1,0.1535,1,13.77,0
0.1,10,1,358,10,3214.94,2,1,2,0.0294,0,15.33,0
0.0357,28,1,606,18,2120.06,1,0,1,0.1217,0,7.78,0
0.0,10,0,491,31,1740.8,1,0,1,0.1774,0,0.0,0
0.2059,34,7,212,41,1579.67,1,0,1,0.1844,0,10.19,0
0.1852,27,5,375,17,1309.11,1,0,1,0.1754,2,13.22,1
0.2188,32,7,464,29,2205.96,1,0,1,0.1866,0,16.59,0
0.1,10,1,749,41,3209.97,2,0,1,0.1783,0,10.29,0
0.0,8,0,612,16,1441.39,1,0,1,0.0818,0,0.0,0
0.5,6,3,560,7,4796.73,2,0,1,0.1299,1,9.18,0
0.3846,13,5,279,26,1050.22,1,0,1,0.1171,3,10.52,0
0.15,20,3,989,20,1653.45,1,0,1,0.0849,1,24.55,0
0.3333,9,3,279,20,1713.26,2,0,1,0.1751,0,6.18,0
0.3333,12,4,378,23,1266.31,1,0,1,0.0982,0,20.52,0
0.3333,12,4,967,14,1364.27,1,0,1,0.1955,1,18.31,0
0.0909,11,1,705,17,1498.8,2,1,2,0.2477,1,22.69,0
0.125,8,1,822,15,1030.88,1,0,1,0.2302,0,8.45,1
0.3462,26,9,186,24,3846.94,3,0,1,0.2282,3,20.87,0
0.0,12,0,960,24,2480.62,2,1,2,0.1854,0,0.0,0
0.25,8,2,953,30,1833.46,1,0,1,0.1899,0,17.84,0
0.0714,14,1,739,32,1399.48,2,1,2,0.1296,0,20.32,0
0.25,28,7,363,14,2347.13,1,0,1,0.2236,1,13.99,0
0.0588,17,1,337,21,3452.58,3,1,3,0.2167,0,21.02,1
0.1176,17,2,768,23,1192.34,2,1,2,0.1114,0,24.46,0
0.1538,13,2,426,13,831.21,1,0,1,0.2149,0,21.58,0
0.6,5,3,314,27,1005.28,1,0,1,0.2124,2,17.57,0
0.2857,7,2,614,10,1687.87,1,0,1,0.2554,0,33.64,0
0.0455,22,1,664,9,1971.21,2,0,1,0.039,0,20.07,1
0.0,25,0,585,15,3008.28,2,0,1,0.1901,0,0.0,0
0.0,17,0,356,13,1224.07,1,0,1,0.257,0,0.0,0
0.0167,60,1,696,22,904.42,1,0,1,0.1316,0,13.04,0
0.0,21,0,553,29,936.13,1,0,1,0.1956,0,0.0,0
0.2,10,2,656,24,3272.02,2,0,1,0.1051,0,19.25,0
0.0,4,0,654,25,1743.22,1,0,1,0.0442,0,0.0,0
0.1176,17,2,596,14,3138.05,3,0,1,0.2419,0,16.81,0
0.1176,17,2,828,19,2560.16,2,0,1,0.1096,0,36.06,0
0.1429,7,1,946,15,1356.0,1,0,1,0.156,1,25.03,0
0.125,8,1,860,25,838.35,1,0,1,0.191,0,30.39,0
0.2222,9,2,970,50,1961.15,1,0,1,0.3522,0,49.1,0
0.2222,9,2,340,19,1735.54,2,0,1,0.1438,0,18.08,0
0.0909,11,1,976,41,1920.0,2,0,1,0.2228,1,28.68,0
0.2,5,1,822,56,929.03,1,0,1,0.0738,0,25.96,0
0.125,24,3,902,12,1462.59,1,0,1,0.1505,1,16.93,0
0.4,30,12,620,19,1274.71,1,0,1,0.2452,1,19.78,0
0.0,5,0,214,17,1254.87,2,1,2,0.1627,0,0.0,1
0.1667,12,2,730,24,2119.42,1,0,1,0.1872,0,30.22,0
0.2143,28,6,979,17,1945.13,1,0,1,0.0814,0,16.33,0
0.2667,15,4,941,25,2181.62,2,0,1,0.1929,1,14.34,0
0.5,14,7,616,33,987.98,1,0,1,0.0966,2,16.41,0
0.4762,21,10,984,44,1706.09,3,0,1,0.081,1,30.06,0
0.1429,7,1,349,14,2535.27,1,0,1,0.1813,0,19.19,0
0.0,24,0,183,13,2323.54,2,0,1,0.5468,0,0.0,0
0.037,27,1,488,15,1749.95,3,0,1,0.3573,0,9.63,0
0.0,11,0,503,30,1754.71,1,0,1,0.2648,0,0.0,0
0.0,17,0,647,19,1937.27,1,0,1,0.0473,0,0.0,0
0.25,16,4,774,19,1313.75,2,1,2,0.0955,1,37.96,0
0.05,20,1,342,13,3447.91,2,0,1,0.2471,0,30.0,0
0.1,10,1,309,19,1095.34,2,0,1,0.3243,0,20.45,0
0.3333,3,1,458,33,2243.31,3,1,2,0.0323,0,18.83,0
0.2727,11,3,233,19,1478.31,1,0,1,0.0674,0,36.3,0
0.4231,26,11,821,18,1223.35,2,0,1,0.0342,2,22.2,0
0.5,10,5,744,23,1907.67,1,0,1,0.2685,1,24.29,1
0.0625,16,1,865,13,1664.51,1,0,1,0.0726,0,15.51,0
0.0,9,0,210,37,2279.71,1,0,1,0.3281,0,0.0,1
0.3333,9,3,320,20,2226.92,2,0,1,0.0321,0,18.14,0
0.1,10,1,268,33,1464.64,2,0,1,0.299,0,12.92,0
0.3333,6,2,199,26,1881.02,3,0,1,0.1033,0,11.86,0
0.0,9,0,639,12,2162.1,2,0,1,0.162,0,0.0,0
0.1429,7,1,976,15,2257.04,3,0,1,0.0165,0,18.72,1
0.3636,11,4,459,30,2416.45,2,0,1,0.3744,0,29.75,0
0.1,30,3,265,19,3177.78,3,0,1,0.2123,1,12.21,0
0.25,16,4,577,12,1727.59,1,0,1,0.1772,0,19.81,0
0.0741,27,2,782,11,1473.09,1,0,1,0.1866,1,7.72,0
0.2,5,1,768,20,2704.9,2,0,1,0.0681,0,24.76,0
0.0833,24,2,256,12,2337.07,2,1,2,0.2378,1,22.4,0
0.3548,31,11,429,12,1472.5,1,0,1,0.2607,2,25.51,0
0.0,11,0,829,39,1571.04,1,0,1,0.0295,0,0.0,0
0.05,20,1,838,43,710.65,1,0,1,0.0237,0,13.72,0
0.3333,9,3,1000,19,1968.0,2,0,1,0.0884,0,14.98,0
0.7143,14,10,307,19,1279.34,1,0,1,0.2654,3,37.72,0
0.0,15,0,531,32,3089.91,2,0,1,0.1338,0,0.0,0
0.2727,11,3,401,39,1924.6,2,1,2,0.1906,0,48.81,0
0.0,13,0,953,47,2233.92,2,0,1,0.2162,0,0.0,1
0.5,8,4,634,17,2717.15,3,1,3,0.0686,0,17.09,0
0.2609,23,6,439,17,1968.71,1,0,1,0.1306,2,19.05,0
0.1765,17,3,547,34,1590.55,1,0,1,0.1969,0,19.75,0
0.1111,9,1,539,19,1841.89,3,0,1,0.0796,0,52.52,0
0.2,5,1,568,14,1592.99,3,0,1,0.1156,1,22.41,0
0.0909,11,1,956,8,1863.63,1,0,1,0.0854,0,15.98,0
0.1111,9,1,672,23,2675.65,2,0,1,0.1464,1,41.9,0
0.0,8,0,369,27,1206.18,1,0,1,0.0635,0,0.0,0
0.0,8,0,308,17,1533.8,1,0,1,0.2707,0,0.0,0
0.125,8,1,705,26,1812.54,2,1,2,0.2108,0,14.65,0
0.1667,6,1,302,13,1132.15,1,0,1,0.107,0,16.34,0
0.3,10,3,663,41,2655.33,2,0,1,0.0415,0,11.58,0
0.1111,9,1,613,20,2102.84,1,0,1,0.1933,0,20.93,0
0.2286,35,8,201,25,2455.32,1,0,1,0.0817,0,22.96,0
0.125,8,1,678,27,1586.5,1,0,1,0.0369,0,10.78,0
0.0,10,0,895,18,2080.65,2,0,1,0.04,0,0.0,0
0.0,18,0,689,18,1402.95,1,0,1,0.4007,0,0.0,0
0.0833,12,1,489,30,2192.29,3,0,1,0.1726,0,14.54,0
0.0909,11,1,487,33,1595.8,2,1,2,0.0368,1,20.78,0
0.0,30,0,413,17,1416.02,1,0,1,0.2085,0,0.0,0
0.1176,17,2,649,16,1512.93,2,0,1,0.4099,0,21.92,0
0.1667,6,1,816,25,2735.76,2,1,2,0.3473,0,12.52,0
0.0,19,0,409,23,1170.79,1,0,1,0.2592,0,0.0,0
0.0526,19,1,915,21,2060.58,2,0,1,0.1423,0,30.38,0
0.0,8,0,840,23,1977.93,1,0,1,0.1383,0,0.0,0
0.0741,27,2,660,22,1050.9,1,0,1,0.1782,0,18.78,0
0.4545,44,20,486,34,2797.58,1,0,1,0.1699,3,19.57,0
0.1765,17,3,848,12,1294.08,1,0,1,0.2945,0,18.15,1
0.3,10,3,519,15,2160.44,3,0,1,0.1661,0,32.59,0
0.1818,11,2,847,25,1123.4,1,0,1,0.2315,0,19.23,0
0.0,12,0,588,12,1225.36,1,0,1,0.0762,0,0.0,0
0.0667,15,1,698,22,2942.32,2,0,1,0.1589,0,27.29,0
0.0556,18,1,779,30,1765.82,2,0,1,0.1374,0,22.31,0
0.0,4,0,660,54,1801.19,1,0,1,0.1326,0,0.0,0
0.1429,7,1,498,8,3024.22,2,0,1,0.2146,0,10.37,0
0.1429,7,1,902,25,2627.73,1,0,1,0.1298,0,16.29,0
0.0,18,0,610,18,2259.71,2,0,1,0.3476,0,0.0,0
0.0476,21,1,800,22,932.84,1,0,1,0.1163,0,17.09,0
0.0714,14,1,624,17,2559.13,1,0,1,0.1166,0,27.36,0
0.0,6,0,504,10,2049.56,3,0,1,0.1034,0,0.0,0
0.0,11,0,501,21,2640.93,2,0,1,0.2277,0,0.0,0
0.0,15,0,615,26,1609.05,1,0,1,0.0858,0,0.0,0
0.1667,12,2,978,34,3172.08,1,0,1,0.0891,0,13.59,0
0.0,11,0,999,18,1617.52,2,0,1,0.1912,0,0.0,0
0.1333,15,2,911,12,1193.84,1,0,1,0.108,1,14.67,0
0.3,10,3,350,18,1304.61,2,0,1,0.2107,0,29.69,0
0.4,20,8,996,22,1808.13,1,0,1,0.0208,0,23.64,0
0.2692,26,7,292,21,1892.73,3,1,3,0.1847,0,20.13,0
0.0,21,0,499,11,1892.01,3,0,1,0.2311,0,0.0,0
0.25,8,2,324,47,1960.81,2,0,1,0.169,0,16.6,0
0.0,6,0,579,30,1567.24,2,0,1,0.1938,0,0.0,0
0.3333,9,3,271,53,1535.8,1,0,1,0.3839,0,20.64,0
0.2857,21,6,895,14,1822.83,1,0,1,0.0166,1,15.41,0
0.1026,39,4,827,17,1857.41,2,0,1,0.1237,1,17.39,0
0.2857,7,2,543,22,1669.01,1,0,1,0.3098,0,17.56,0
0.1,10,1,844,19,1316.52,1,0,1,0.1562,0,14.58,0
0.0,7,0,937,43,1095.21,1,0,1,0.264,0,0.0,1
0.1667,6,1,491,13,1336.17,2,0,1,0.2369,0,15.13,0
0.125,24,3,474,19,2114.17,2,1,2,0.2435,0,26.91,0
0.0,9,0,625,24,1499.23,2,0,1,0.1275,0,0.0,1
0.0,6,0,513,15,1080.61,1,0,1,0.0479,0,0.0,0
0.2353,17,4,310,26,1967.26,1,0,1,0.1643,2,31.84,0
0.0,10,0,768,78,1740.04,1,0,1,0.042,0,0.0,0
0.2,15,3,402,19,1652.36,2,0,1,0.1762,1,21.31,0
0.3333,21,7,686,23,1944.47,1,0,1,0.0222,3,22.04,0
0.0,4,0,803,14,2409.0,3,0,1,0.1887,0,0.0,0
0.0909,11,1,754,12,1101.11,1,0,1,0.065,1,37.84,0
0.1667,12,2,790,69,1955.74,3,0,1,0.2964,0,18.71,0
0.0417,24,1,298,21,2330.54,2,0,1,0.1204,0,12.65,0
0.3333,12,4,933,33,2579.11,1,0,1,0.0999,0,21.42,0
0.6364,22,14,229,37,836.93,1,0,1,0.1886,0,19.06,0
0.1111,9,1,317,13,1139.53,1,0,1,0.3118,1,21.53,0
0.0909,11,1,485,19,1514.49,2,0,1,0.0666,0,17.81,0
0.0,8,0,209,15,1749.33,1,0,1,0.2008,0,0.0,1
0.2759,29,8,330,15,2823.85,2,0,1,0.3975,0,20.84,0
0.3333,18,6,715,7,1199.61,1,0,1,0.1502,0,19.82,0
0.0833,12,1,797,21,1312.62,1,0,1,0.2107,0,25.91,0
0.0,7,0,461,16,1282.45,1,0,1,0.1849,0,0.0,0
0.1538,13,2,592,19,1826.19,3,0,1,0.2829,0,28.18,0
0.0,17,0,582,23,1809.79,1,0,1,0.0485,0,0.0,0
0.2857,21,6,510,39,1590.97,1,0,1,0.1065,0,14.75,0
0.0385,26,1,682,26,1361.89,1,0,1,0.0384,0,8.47,0
0.0,19,0,766,18,1398.15,1,0,1,0.0505,0,0.0,0
0.0769,13,1,661,10,1376.06,1,0,1,0.0775,0,18.11,0
0.0526,19,1,684,29,3289.38,2,0,1,0.1147,0,16.45,0
0.1429,7,1,992,42,2915.89,2,1,2,0.1239,0,19.01,0
0.0,10,0,602,58,2111.64,2,0,1,0.2361,0,0.0,0
0.0,4,0,234,15,1364.26,1,0,1,0.3293,0,0.0,0
0.0714,14,1,509,10,1159.27,1,0,1,0.082,0,14.25,0
0.2,5,1,868,16,1650.82,2,1,2,0.1065,0,31.93,0
0.0,11,0,283,22,1414.61,1,0,1,0.0449,0,0.0,0
0.4286,7,3,913,9,1724.58,1,0,1,0.382,0,16.74,0
0.4667,15,7,386,12,1703.56,3,0,1,0.3011,0,18.14,0
0.5556,9,5,265,15,2370.65,2,0,1,0.3887,1,21.1,1
0.4286,28,12,297,33,1986.48,1,0,1,0.2784,1,20.82,0
0.0,5,0,456,34,2655.02,3,0,1,0.029,0,0.0,1
0.1818,11,2,890,21,3004.91,2,0,1,0.2429,0,24.79,0
0.0,16,0,783,43,1662.38,2,0,1,0.1108,0,0.0,0
0.1667,24,4,951,18,1211.82,1,0,1,0.1396,1,18.66,0
0.7273,11,8,408,14,1988.48,2,0,1,0.2119,1,19.12,1
0.0,12,0,346,17,1145.85,1,0,1,0.1838,0,0.0,0
0.0,12,0,659,18,2308.46,1,0,1,0.0974,0,0.0,0
0.2941,17,5,689,35,1008.92,1,0,1,0.1942,2,20.9,0
0.2105,19,4,290,12,1708.86,2,0,1,0.1018,0,17.1,0
0.0,8,0,448,15,1654.94,1,0,1,0.097,0,0.0,0
0.2222,9,2,912,10,3786.14,2,1,2,0.2216,0,17.56,0
0.2857,7,2,642,34,1825.5,1,0,1,0.3841,0,21.5,0
0.1,10,1,663,23,1086.02,1,0,1,0.0241,0,27.85,0
0.2222,9,2,411,20,1777.59,1,0,1,0.2616,0,21.31,0
0.1765,17,3,749,18,1885.33,2,0,1,0.0557,0,7.82,0
0.3125,16,5,807,19,3308.49,3,0,1,0.1973,1,32.21,0
0.1,10,1,593,28,2490.4,3,0,1,0.0936,1,36.04,0
0.3684,19,7,657,15,1617.99,1,0,1,0.0769,0,18.62,0
0.2222,9,2,527,15,1384.73,1,0,1,0.1394,0,13.06,0
0.25,12,3,505,15,1747.31,1,0,1,0.2131,0,8.47,0
0.0667,15,1,314,15,2075.59,1,0,1,0.1059,0,23.73,0
0.35,20,7,555,31,1412.17,1,0,1,0.1382,0,46.92,0
0.1364,22,3,596,20,1642.63,1,0,1,0.0624,0,21.05,0
0.0,17,0,271,14,3052.75,2,0,1,0.2676,0,0.0,0
0.1429,7,1,671,13,927.03,1,0,1,0.0455,0,20.48,0
0.1111,9,1,719,19,1237.13,1,0,1,0.1615,1,15.02,0
0.125,16,2,775,17,2648.28,1,0,1,0.3007,1,19.49,0
0.2857,7,2,952,19,1987.28,1,0,1,0.2077,1,15.65,0
0.0,19,0,827,10,2056.11,2,0,1,0.1349,0,0.0,0
0.0,14,0,366,52,903.62,1,0,1,0.1588,0,0.0,0
0.0,7,0,470,15,1323.51,1,0,1,0.184,0,0.0,0
0.5,6,3,891,12,2114.73,2,0,1,0.221,0,33.88,0
0.3158,19,6,278,18,1712.37,3,0,1,0.0702,0,10.63,0
0.0769,13,1,778,17,2367.12,1,0,1,0.1175,0,16.25,1
0.2143,28,6,472,15,1678.61,2,0,1,0.0652,1,25.31,0
0.1111,9,1,810,16,1936.73,3,1,2,0.3279,0,23.55,0
0.1667,6,1,823,64,3575.4,2,0,1,0.2361,0,24.08,0
0.0,5,0,954,22,1387.62,2,0,1,0.1032,0,0.0,0
0.1154,26,3,966,22,1274.62,2,0,1,0.2702,0,19.94,0
0.2308,13,3,983,20,2079.44,1,0,1,0.0518,0,13.61,0
0.15,20,3,580,17,1713.74,1,0,1,0.1554,0,15.68,0
0.0909,11,1,947,12,2347.1,2,0,1,0.0741,0,37.84,0
0.4,15,6,982,33,1817.74,2,1,2,0.1205,0,34.88,0
0.0,11,0,964,8,2388.08,2,0,1,0.054,0,0.0,0
0.25,16,4,880,20,1260.52,3,0,1,0.2258,1,9.33,0
0.0769,13,1,601,22,1512.91,1,0,1,0.1426,0,19.95,0
0.1818,11,2,628,12,1121.47,1,0,1,0.0485,2,24.77,0
0.25,4,1,419,10,644.22,1,0,1,0.1727,0,12.31,0
0.0,10,0,534,28,1803.17,1,0,1,0.1986,0,0.0,0
0.0,5,0,595,16,2408.33,2,0,1,0.1275,0,0.0,0
0.4444,9,4,809,14,1754.07,1,0,1,0.0724,0,13.76,0
0.0,8,0,678,14,748.82,1,0,1,0.1321,0,0.0,0
0.2188,32,7,920,15,4786.46,3,0,1,0.0089,0,22.99,0
0.0,7,0,600,8,1929.36,1,0,1,0.1621,0,0.0,0
0.3636,22,8,619,29,1205.19,1,0,1,0.2576,1,8.14,1
0.1429,7,1,829,24,2888.16,3,0,1,0.1691,0,7.89,0
0.1429,14,2,272,16,1688.26,1,0,1,0.1565,0,15.35,0
0.1429,35,5,653,11,5676.92,2,0,1,0.1937,1,20.24,0
0.1667,6,1,955,30,3508.2,1,0,1,0.2164,0,14.78,0
0.0,13,0,502,31,1436.0,1,0,1,0.1391,0,0.0,1
0.0,17,0,253,28,887.68,1,0,1,0.048,0,0.0,0
0.2941,17,5,499,28,2484.57,2,0,1,0.147,0,13.77,1
0.0769,13,1,337,27,3227.95,2,1,2,0.0645,0,13.28,0
0.2222,18,4,739,48,973.23,1,0,1,0.0496,0,28.71,0
0.0,18,0,367,44,1093.64,1,0,1,0.0671,0,0.0,0
0.2941,17,5,962,33,1154.67,1,0,1,0.309,0,17.68,0
0.1875,32,6,651,12,1406.19,1,0,1,0.1142,2,10.95,0
0.6087,23,14,666,22,2134.42,1,0,1,0.1134,2,14.27,0
0.5,8,4,917,17,1858.95,3,0,1,0.1028,0,22.38,0
0.2609,23,6,841,15,1390.94,2,0,1,0.1008,0,19.32,0
0.2778,18,5,208,14,2483.52,2,0,1,0.1944,0,41.92,0
0.0625,32,2,427,16,1401.58,1,0,1,0.2395,2,24.7,1
0.3846,13,5,695,35,1581.71,1,0,1,0.2075,0,29.05,0
0.05,20,1,919,20,2164.11,2,1,2,0.3596,0,21.66,1
0.0,11,0,749,30,1370.1,2,1,2,0.3186,0,0.0,0
0.2381,21,5,623,23,1535.64,1,0,1,0.5359,2,19.44,0
0.6364,11,7,607,22,1832.59,1,0,1,0.08,0,10.19,0
0.0455,22,1,695,23,1921.2,1,0,1,0.0787,0,14.82,0
0.1,20,2,975,17,1697.6,1,0,1,0.0211,0,14.1,0
0.1905,21,4,596,36,1433.13,2,0,1,0.0786,0,18.62,0
0.4762,21,10,458,17,1162.69,1,0,1,0.1558,3,21.75,0
0.15,20,3,668,21,1290.0,1,0,1,0.294,0,26.31,1
0.0,16,0,820,31,1279.63,1,0,1,0.4146,0,0.0,0
0.0,7,0,775,35,1291.45,1,0,1,0.1842,0,0.0,0
0.0714,56,4,365,21,1932.81,1,0,1,0.3421,3,35.52,0
0.125,16,2,425,19,3689.3,2,0,1,0.2323,2,16.57,0
0.0667,15,1,557,18,2097.95,2,1,2,0.2365,1,13.99,0
0.1,30,3,910,32,4637.51,3,0,1,0.1128,0,19.03,0
0.2333,30,7,951,19,1889.33,1,0,1,0.2263,0,16.39,0
0.0,18,0,828,19,1270.9,1,0,1,0.1642,0,0.0,0
0.25,12,3,260,8,1340.99,2,0,1,0.095,2,17.73,0
0.2174,23,5,485,22,752.53,1,0,1,0.125,0,6.57,1
0.3077,13,4,689,32,1711.91,1,0,1,0.2604,1,23.76,0
0.25,8,2,496,29,1526.33,1,0,1,0.5374,0,25.85,0
0.2,15,3,200,37,1343.71,1,0,1,0.1296,0,20.12,0
0.3,20,6,229,15,1789.67,3,0,1,0.3871,0,14.92,0
0.0588,34,2,605,21,1354.65,1,0,1,0.0964,0,10.0,0
0.5,18,9,307,35,1232.57,1,0,1,0.3348,2,9.79,0
0.0606,33,2,180,34,1240.33,1,0,1,0.1341,1,17.47,0
0.0,6,0,274,42,1080.3,1,0,1,0.0829,0,0.0,0
0.1538,13,2,542,22,2597.38,1,0,1,0.0707,2,43.94,0
0.0,21,0,256,38,2419.3,1,0,1,0.1886,0,0.0,0
0.0,10,0,375,52,1279.84,1,0,1,0.222,0,0.0,1
0.125,8,1,208,19,1507.39,1,0,1,0.0818,0,17.05,0
0.0,10,0,321,19,1946.5,1,0,1,0.0868,0,0.0,0
0.0,5,0,600,26,2028.06,2,0,1,0.1005,0,0.0,0
0.3333,12,4,528,26,2427.04,2,1,2,0.0302,2,15.15,0
0.1455,55,8,357,53,1621.76,1,0,1,0.0936,1,11.3,0
0.625,16,10,303,41,1533.13,1,0,1,0.304,1,11.76,0
0.0,6,0,335,26,2271.71,2,1,2,0.018,0,0.0,0
0.5,12,6,446,31,2536.56,1,0,1,0.1175,1,38.29,0
0.1875,16,3,983,36,957.08,1,0,1,0.123,0,19.11,0
0.0667,15,1,756,11,1047.7,1,0,1,0.2042,0,19.87,0
0.3333,9,3,415,16,1804.14,2,0,1,0.0799,1,15.86,0
0.2857,14,4,458,36,2287.58,1,0,1,0.1434,0,15.34,0
0.0,3,0,867,22,1200.67,1,0,1,0.3397,0,0.0,1
0.0769,13,1,844,16,3142.62,3,1,2,0.1188,0,14.92,0
0.5556,9,5,228,20,1688.25,1,0,1,0.2262,1,20.23,0
0.0435,23,1,931,11,1971.72,2,1,2,0.3182,0,11.18,0
0.0,11,0,543,28,1333.04,1,0,1,0.0709,0,0.0,0
0.1304,23,3,767,21,2389.15,3,0,1,0.3006,0,13.8,0
0.0909,11,1,640,14,1831.46,2,0,1,0.1805,0,19.53,0
0.0,26,0,561,22,1012.52,1,0,1,0.2304,0,0.0,1
0.0,6,0,731,21,1921.18,3,0,1,0.1732,0,0.0,0
0.0625,16,1,504,41,1382.79,1,0,1,0.4113,1,11.34,0
0.2,10,2,804,11,1418.09,1,0,1,0.1408,2,21.15,0
0.0,7,0,297,26,1534.72,1,0,1,0.0319,0,0.0,1
0.2857,14,4,462,18,2124.21,2,0,1,0.0457,1,22.9,1
0.75,12,9,315,21,2614.26,1,0,1,0.1495,0,10.84,1
0.2222,9,2,727,18,1170.29,1,0,1,0.1256,1,15.87,0
0.1,10,1,805,14,3496.77,2,1,2,0.2885,0,16.64,0
0.2941,17,5,491,20,2952.55,3,0,1,0.1311,1,15.06,1
0.0962,52,5,341,23,2643.08,2,1,2,0.1072,1,20.01,0
0.3333,15,5,987,13,2903.87,2,0,1,0.1739,0,11.36,0
0.4,5,2,475,13,1523.58,1,0,1,0.1875,0,15.6,0
0.04,25,1,727,27,1115.31,1,0,1,0.0166,0,25.82,0
0.1818,11,2,806,28,1683.9,1,0,1,0.2214,0,23.34,0
0.2,10,2,285,20,3391.39,2,0,1,0.1306,0,23.96,0
0.625,8,5,555,23,2536.19,1,0,1,0.0576,0,22.36,0
0.2105,19,4,946,21,1574.38,1,0,1,0.3047,2,8.16,0
0.2,10,2,934,14,1592.38,1,0,1,0.0674,2,31.19,0
0.0,10,0,478,19,1766.13,2,0,1,0.179,0,0.0,0
0.2273,22,5,684,23,1205.38,1,0,1,0.1155,2,41.04,0
0.1667,42,7,395,18,1443.49,1,0,1,0.2109,2,21.28,0
0.2,10,2,464,19,2036.32,1,0,1,0.0736,0,10.34,0
0.0909,11,1,795,26,1138.41,1,0,1,0.1494,0,8.06,0
0.3,20,6,627,11,2816.91,3,0,1,0.1822,2,31.31,0
0.2632,38,10,343,47,1574.48,1,0,1,0.0703,3,40.64,0
0.3333,9,3,223,16,1199.97,1,0,1,0.2136,0,33.49,0
0.0,28,0,869,41,1441.68,1,0,1,0.208,0,0.0,0
0.2222,9,2,756,29,1427.64,2,0,1,0.1449,1,33.19,1
0.0,16,0,845,17,1147.99,1,0,1,0.2983,0,0.0,0
0.0909,11,1,734,12,3677.83,3,1,3,0.1885,0,18.4,0
0.2353,17,4,476,23,1725.92,1,0,1,0.1428,0,28.51,0
0.0,16,0,910,39,4113.26,3,0,1,0.5518,0,0.0,0
0.0,16,0,658,40,1410.37,1,0,1,0.2516,0,0.0,0
0.25,12,3,959,29,2546.2,2,0,1,0.296,1,19.11,0
0.1429,7,1,193,15,1288.11,1,0,1,0.4883,1,12.57,0
0.0833,12,1,180,17,1906.16,2,0,1,0.2172,0,16.58,0
0.3333,18,6,510,30,2631.42,2,0,1,0.2681,1,18.25,0
0.0645,31,2,893,45,1275.48,2,0,1,0.2662,0,15.73,0
0.4062,32,13,896,13,994.42,1,0,1,0.2405,2,34.3,0
0.1053,19,2,880,16,1159.61,2,0,1,0.1628,0,34.84,0
0.2143,14,3,826,10,1217.02,2,0,1,0.135,0,24.2,1
0.0357,28,1,654,24,976.8,1,0,1,0.244,0,18.52,0
0.3333,6,2,283,18,4390.39,3,1,3,0.0586,0,22.28,0
0.2727,11,3,289,27,2113.65,2,0,1,0.0519,0,18.34,0
0.1,10,1,771,10,1415.54,1,0,1,0.2,0,14.43,0
0.1429,7,1,780,34,1927.35,2,0,1,0.0905,0,31.07,0
0.0,9,0,625,39,1603.37,1,0,1,0.1291,0,0.0,1
0.0833,24,2,485,41,1533.19,1,0,1,0.095,0,11.53,0
0.1765,17,3,887,28,2080.69,1,0,1,0.1869,0,34.58,0
0.2857,7,2,826,25,2271.23,1,0,1,0.1087,0,23.09,0
0.1667,6,1,811,51,1479.26,2,0,1,0.3354,0,17.92,0
0.3846,13,5,349,46,2238.05,2,0,1,0.1027,0,23.39,0
0.4,5,2,671,21,817.9,1,0,1,0.3647,0,15.51,0
0.3,10,3,515,47,935.55,1,0,1,0.165,1,21.6,0
0.8333,6,5,787,21,1815.14,1,0,1,0.0454,0,21.27,0
0.0,11,0,305,16,1632.76,2,0,1,0.149,0,0.0,0
0.0,9,0,906,34,2054.34,1,0,1,0.0852,0,0.0,0
0.0,6,0,792,25,1457.21,1,0,1,0.1882,0,0.0,1
0.2,5,1,618,19,2564.79,2,0,1,0.1294,1,24.95,0
0.3636,11,4,443,25,1493.93,1,0,1,0.0586,0,20.15,0
0.0,11,0,409,28,3738.07,1,0,1,0.053,0,0.0,0
0.2222,9,2,926,10,1410.89,1,0,1,0.1165,0,30.67,0
0.0,9,0,756,23,1990.73,1,0,1,0.1096,0,0.0,0
0.4,20,8,504,15,1491.02,2,0,1,0.3693,1,22.69,0
0.0769,13,1,242,32,2643.71,2,0,1,0.1856,1,6.57,1
0.1765,17,3,914,21,1210.24,1,0,1,0.2,0,20.82,0
0.3636,11,4,844,13,1622.26,1,0,1,0.194,1,12.77,0
0.0714,14,1,397,9,1409.59,2,0,1,0.1185,0,18.14,1
0.0,9,0,739,24,3152.05,1,0,1,0.1441,0,0.0,1
0.1667,24,4,474,25,1230.3,2,0,1,0.158,0,12.16,0
0.0588,17,1,781,77,1586.63,1,0,1,0.1599,0,10.73,0
0.0,17,0,396,28,2142.38,2,0,1,0.3289,0,0.0,0
0.0,5,0,198,23,1043.15,1,0,1,0.1895,0,0.0,1
0.5714,7,4,181,28,1241.87,1,0,1,0.0551,2,14.2,0
0.2,5,1,629,35,2502.82,2,0,1,0.2517,0,10.72,0
0.4615,13,6,861,29,1443.63,1,0,1,0.0768,0,18.67,0
0.0,20,0,305,20,1586.68,1,0,1,0.1052,0,0.0,0
0.0541,37,2,948,29,2640.04,3,0,1,0.2286,0,34.26,0
0.2,10,2,234,6,974.53,1,0,1,0.1739,0,24.35,0
0.0714,14,1,766,19,2339.64,2,0,1,0.3382,0,12.78,0
0.1111,9,1,464,15,1327.53,1,0,1,0.2353,0,20.66,0
0.3636,11,4,222,30,1087.12,1,0,1,0.2031,1,10.09,0
0.0,19,0,400,15,1428.93,2,0,1,0.2724,0,0.0,1
0.0,8,0,819,17,1256.14,1,0,1,0.3585,0,0.0,0
0.0,29,0,570,17,2408.9,1,0,1,0.1946,0,0.0,0
0.0,10,0,940,11,2929.9,2,0,1,0.1567,0,0.0,0
0.1111,9,1,983,29,2655.39,1,0,1,0.1048,0,12.34,0
0.0,17,0,938,24,1175.49,2,1,2,0.1136,0,0.0,1
0.0,16,0,511,28,1108.56,1,0,1,0.2084,0,0.0,0
0.1429,7,1,450,16,1069.15,1,0,1,0.2307,0,20.56,0
0.0,14,0,543,46,1412.83,1,0,1,0.2589,0,0.0,0
0.0,4,0,993,28,1584.38,1,0,1,0.1847,0,0.0,0
0.0882,34,3,868,20,1060.5,1,0,1,0.0422,1,18.1,0
0.2222,9,2,647,19,1017.37,1,0,1,0.1379,2,28.19,0
0.25,8,2,907,16,3724.49,3,0,1,0.2387,0,18.68,0
0.16,25,4,436,31,1764.13,2,0,1,0.2404,0,10.1,0
0.0,17,0,699,6,5155.43,2,0,1,0.3545,0,0.0,0
0.0,5,0,578,57,1243.94,2,1,2,0.1881,0,0.0,1
0.0,7,0,800,19,1145.9,1,0,1,0.3116,0,0.0,0
0.125,8,1,1000,40,1633.27,1,0,1,0.0973,0,22.01,1
0.0833,12,1,672,40,1716.71,1,0,1,0.118,0,14.86,1
0.3684,19,7,950,13,892.44,1,0,1,0.2058,1,28.01,0
0.25,28,7,469,29,1314.28,1,0,1,0.0762,1,8.26,0
0.0526,19,1,387,25,1127.29,1,0,1,0.2474,0,26.5,0
0.0588,17,1,924,61,1366.66,1,0,1,0.1251,0,17.16,0
0.0909,11,1,520,10,1543.42,1,0,1,0.1817,0,16.33,0
0.0909,11,1,889,28,2679.74,2,0,1,0.013,0,19.85,1
0.1818,11,2,644,15,2550.44,2,0,1,0.14,0,27.96,0
0.1,20,2,866,9,2842.79,1,0,1,0.0568,0,25.09,0
0.2,25,5,443,14,2412.85,1,0,1,0.1019,0,15.36,0
0.2857,7,2,508,43,1372.81,1,0,1,0.1325,0,15.67,0
0.2,10,2,765,37,1183.41,1,0,1,0.0407,0,17.81,0
0.1,10,1,690,15,2741.57,1,0,1,0.2526,0,14.97,0
0.2727,11,3,192,19,2504.53,3,1,3,0.1069,0,8.95,0
0.0,13,0,835,14,1552.32,1,0,1,0.0959,0,0.0,0
0.4286,7,3,744,23,2297.82,1,0,1,0.0761,0,33.14,0
0.0,40,0,442,26,1384.33,3,1,2,0.1274,0,0.0,1
0.2857,7,2,446,32,2351.68,1,0,1,0.1524,1,17.85,0
0.1304,23,3,865,17,1279.39,1,0,1,0.1708,1,26.3,0
0.1333,15,2,194,13,1405.92,1,0,1,0.131,0,21.93,0
0.3333,15,5,216,16,1641.13,2,0,1,0.5533,0,29.36,1
0.25,8,2,946,14,1755.05,1,0,1,0.4469,0,17.01,0
0.25,20,5,834,39,1995.38,1,0,1,0.062,1,22.97,0
0.0,13,0,842,35,1276.77,1,0,1,0.3761,0,0.0,0
0.1538,13,2,208,18,1738.55,1,0,1,0.0441,0,24.25,0
0.5,14,7,213,19,2804.33,2,0,1,0.1028,1,19.66,1
0.2727,22,6,893,18,2544.82,2,1,2,0.131,1,24.91,0
0.2,15,3,564,31,1778.35,2,0,1,0.0272,0,8.01,0
0.0,8,0,890,33,2320.71,2,0,1,0.2815,0,0.0,0
0.125,8,1,782,17,1645.7,2,0,1,0.1314,0,19.87,0
0.2727,11,3,937,35,1821.56,2,0,1,0.2389,0,30.14,0
0.0,9,0,689,41,1251.91,1,0,1,0.1579,0,0.0,0
0.2143,14,3,601,26,1629.51,2,0,1,0.0717,0,19.11,0
0.0541,37,2,305,26,2361.39,1,0,1,0.0223,0,13.35,0
0.2308,13,3,576,24,1242.46,1,0,1,0.1003,0,18.49,0
0.1538,13,2,635,16,2963.95,2,0,1,0.1038,0,13.58,0
0.1,10,1,784,28,2044.29,2,0,1,0.1804,1,11.26,0
0.1429,21,3,225,12,1646.14,2,0,1,0.113,0,17.64,0
0.1852,27,5,945,25,2378.42,2,1,2,0.0632,2,29.65,0
0.1818,11,2,933,14,1199.13,1,0,1,0.0247,0,11.66,0
0.5,16,8,864,29,2032.36,3,0,1,0.0268,1,18.12,0
0.4706,17,8,545,20,3808.68,4,0,1,0.3899,5,8.77,0
0.5714,14,8,179,16,2104.63,1,0,1,0.4845,4,12.64,0
0.4444,9,4,368,13,1194.34,1,0,1,0.2015,3,13.18,0
0.1429,7,1,300,22,1948.23,2,0,1,0.2974,1,10.07,0
0.4375,16,7,289,16,2105.87,3,1,2,0.1904,3,8.66,1
0.4375,16,7,512,25,2843.25,3,0,1,0.2663,1,18.88,0
0.8,5,4,441,5,1744.36,1,0,1,0.3373,4,23.32,0
0.25,8,2,593,19,994.76,1,0,1,0.2234,1,7.21,0
0.3529,17,6,413,13,1306.43,3,0,1,0.2277,2,19.32,0
0.1667,12,2,512,21,2006.08,1,0,1,0.4274,0,11.89,0
0.5,8,4,291,26,2271.27,3,1,3,0.2143,2,18.58,0
0.3,20,6,128,12,2108.24,3,0,1,0.5562,3,23.0,0
0.2,10,2,220,13,2246.2,2,1,2,0.3939,0,12.66,0
0.1111,18,2,106,31,2585.59,4,0,1,0.2439,1,9.14,0
0.4444,18,8,445,17,2232.51,2,1,2,0.3689,2,17.96,0
0.15,20,3,246,25,4297.54,4,1,3,0.1759,2,6.77,1
0.45,20,9,372,21,1362.35,2,0,1,0.1647,3,16.72,0
0.625,8,5,150,34,2779.39,3,0,1,0.3027,3,21.3,0
0.3,20,6,168,7,2180.05,2,0,1,0.1578,2,8.02,0
0.6875,16,11,573,10,1343.34,3,1,3,0.2558,5,13.08,0
0.85,20,17,464,22,1655.54,1,0,1,0.1735,11,17.74,0
0.3333,12,4,275,35,2756.12,3,0,1,0.2542,1,16.57,0
0.625,8,5,113,30,1810.13,2,0,1,0.1142,1,11.07,0
0.1111,9,1,542,26,2665.26,5,0,1,0.2743,0,21.92,0
0.2857,7,2,414,23,1950.7,3,0,1,0.3214,2,24.48,0
0.2,5,1,520,20,1903.37,3,0,1,0.178,0,13.56,0
0.5,10,5,512,34,2670.46,5,0,1,0.2257,0,14.03,0
0.4118,17,7,554,10,1884.34,4,1,3,0.0622,3,16.13,0
0.0769,13,1,187,62,4573.5,4,1,2,0.3651,0,5.12,0
0.2222,9,2,151,40,1648.13,3,0,1,0.2489,1,19.45,0
0.1667,6,1,139,32,1872.08,5,0,1,0.2023,1,6.99,0
0.0,16,0,431,28,2145.33,2,0,1,0.2456,0,0.0,1
0.1667,6,1,159,37,4464.75,3,0,1,0.3149,0,13.32,0
0.0,12,0,278,25,2037.9,2,0,1,0.4152,0,0.0,0
0.3333,18,6,132,46,2210.49,2,1,2,0.4328,2,5.04,1
0.4286,14,6,101,15,2581.48,4,1,2,0.3677,1,15.12,0
0.625,16,10,185,14,2150.96,2,0,1,0.5109,3,10.01,0
0.2222,18,4,192,31,2550.73,1,0,1,0.3707,2,17.23,1
0.1667,18,3,595,29,1471.92,3,0,1,0.2326,2,24.35,0
0.5,10,5,240,8,2456.16,2,0,1,0.2215,1,14.47,1
0.3636,11,4,456,9,1695.77,2,1,2,0.351,1,6.75,0
0.2,15,3,283,10,2028.9,1,0,1,0.4717,1,8.32,0
0.3125,16,5,376,10,1989.27,2,0,1,0.2153,3,6.99,0
0.125,8,1,498,18,2589.38,2,0,1,0.2269,0,10.26,0
0.4,10,4,374,15,989.54,2,0,1,0.3334,1,11.01,1
0.25,20,5,533,26,2067.35,2,1,2,0.2036,2,13.26,1
0.4,20,8,475,26,1882.01,4,1,3,0.3942,1,12.52,1
0.4545,11,5,283,20,1935.95,2,1,2,0.1565,2,23.72,0
0.2353,17,4,337,8,1732.97,2,1,2,0.3907,1,24.09,1
0.5385,13,7,105,28,1452.98,2,1,2,0.39,2,18.66,1
0.2632,19,5,284,13,1491.12,2,0,1,0.1775,2,6.92,0
0.375,8,3,548,20,2651.66,3,0,1,0.1666,1,24.78,1
0.6364,11,7,442,26,936.78,1,0,1,0.2349,2,22.14,0
0.3077,13,4,280,25,2407.03,2,0,1,0.2141,2,9.67,0
0.1053,19,2,600,16,2450.67,2,1,2,0.5896,0,22.49,0
0.0,11,0,365,10,3710.45,5,0,1,0.4572,0,0.0,0
0.2632,19,5,237,14,1559.31,2,0,1,0.3377,4,15.51,0
0.3333,6,2,111,17,3767.44,5,0,1,0.2431,1,11.77,0
0.0,13,0,466,5,3735.26,2,0,1,0.3676,0,0.0,0
0.2667,15,4,497,53,1764.89,1,0,1,0.4744,3,6.12,0
0.3529,17,6,253,16,1678.01,2,0,1,0.1641,1,14.94,1
0.1667,6,1,307,35,2715.32,1,0,1,0.424,0,20.79,0
0.375,8,3,162,7,2657.12,1,0,1,0.201,2,10.27,0
0.75,12,9,267,4,2672.58,3,0,1,0.103,1,9.38,0
0.25,16,4,307,8,2334.34,1,0,1,0.2544,3,15.15,0
0.3,20,6,155,6,3762.96,2,0,1,0.1619,3,7.95,1
0.3571,14,5,190,45,3114.75,1,0,1,0.2734,1,17.1,1
0.3333,18,6,186,17,2010.01,3,0,1,0.1667,1,6.34,0
0.5455,11,6,533,23,1212.38,2,1,2,0.1075,1,19.01,1
0.375,8,3,303,20,1930.08,2,0,1,0.1769,0,24.98,0
0.2222,9,2,562,17,1428.39,2,0,1,0.4686,0,23.79,0
0.3077,13,4,161,22,2550.83,3,1,2,0.4828,1,5.33,1
0.4375,16,7,461,8,2161.73,5,0,1,0.6341,2,18.12,1
0.1111,18,2,554,22,2263.39,1,0,1,0.3363,1,12.78,0
0.5,8,4,569,18,3042.32,2,0,1,0.6515,1,18.92,0
0.0556,18,1,540,17,1920.15,2,0,1,0.2022,1,11.8,0
0.0556,18,1,180,6,2011.08,1,0,1,0.3934,0,11.55,0
0.75,12,9,206,12,4683.64,5,0,1,0.2035,4,11.65,0
0.8,20,16,395,4,1867.57,1,0,1,0.2542,5,13.66,0
0.0,14,0,444,29,1549.11,1,0,1,0.0986,0,0.0,1
0.1333,15,2,163,12,1289.51,1,0,1,0.2074,2,6.76,0
0.6154,13,8,201,21,4602.73,3,1,2,0.544,4,22.71,1
0.5789,19,11,347,10,2071.49,3,1,3,0.3729,4,22.89,1
0.6,5,3,249,8,2525.04,4,0,1,0.2785,1,22.38,0
0.1667,6,1,368,13,1578.06,1,0,1,0.4112,0,16.16,0
0.5,12,6,198,25,1395.14,5,1,2,0.0882,4,16.97,1
0.25,16,4,94,21,1532.57,4,0,1,0.2281,1,9.2,0
0.0,10,0,127,8,2057.49,3,0,1,0.2999,0,0.0,1
0.125,8,1,134,10,5079.98,5,1,2,0.3221,0,14.82,0
0.5,14,7,300,6,2510.43,4,0,1,0.0848,2,5.85,1
0.0667,15,1,507,11,2372.1,1,0,1,0.4777,0,14.93,0
0.2632,19,5,103,5,4202.0,4,1,2,0.5053,2,9.03,0
0.6667,9,6,568,31,2770.35,2,0,1,0.7293,3,9.05,1
0.4444,18,8,207,7,993.68,2,0,1,0.2824,3,20.73,1
0.3125,16,5,291,9,2198.46,2,0,1,0.3476,2,10.2,0
0.5294,17,9,256,20,2764.66,1,0,1,0.2906,4,19.46,0
0.2667,15,4,160,10,6967.05,5,0,1,0.3049,2,22.42,0
0.0769,13,1,345,18,4014.53,5,0,1,0.3313,0,24.53,1
0.25,8,2,188,35,1827.04,3,1,3,0.391,1,15.87,1
0.625,8,5,340,11,4559.28,3,1,3,0.4627,1,24.74,1
0.2857,14,4,600,8,2477.41,3,1,3,0.2953,3,6.02,0
0.0625,16,1,259,12,1273.25,3,0,1,0.4661,1,24.94,0
0.875,16,14,501,7,4422.39,3,0,1,0.4119,4,7.92,0
0.1579,19,3,213,15,4050.49,4,1,4,0.43,2,7.95,1
0.3,20,6,176,8,4946.43,4,0,1,0.2909,2,17.31,0
0.3333,6,2,210,5,3451.51,4,0,1,0.2525,1,10.62,0
0.2857,7,2,172,13,3204.67,4,1,4,0.3711,0,21.5,1
0.125,16,2,433,29,1334.12,4,0,1,0.2427,1,14.26,0
0.1667,18,3,136,26,1988.6,2,1,2,0.2265,2,12.9,0
0.4615,13,6,217,12,1929.46,2,1,2,0.3241,3,22.28,1
0.3636,11,4,141,12,2644.21,3,1,3,0.4119,0,18.51,0
0.2353,17,4,226,10,4134.19,3,0,1,0.4827,1,13.95,0
0.6,5,3,216,9,2781.46,2,0,1,0.4722,0,8.67,0
0.6111,18,11,111,54,1778.75,2,0,1,0.3745,2,13.59,0
0.3333,9,3,379,10,2286.16,1,0,1,0.5156,0,6.61,0
0.2,15,3,400,19,3858.13,4,0,1,0.1064,0,21.18,0
0.2105,19,4,299,28,3254.23,2,1,2,0.327,3,10.18,1
0.3077,13,4,506,12,2849.19,3,1,3,0.3937,1,9.72,1
0.3158,19,6,455,17,2518.4,5,0,1,0.5646,3,14.57,0
0.3333,18,6,558,36,1504.24,1,0,1,0.2617,1,11.12,0
0.25,20,5,320,10,1014.96,2,0,1,0.5474,1,17.41,0
0.6,15,9,215,8,1883.58,3,1,2,0.4947,4,6.74,1
0.375,16,6,232,10,7278.9,4,0,1,0.2562,4,15.59,0
0.4615,13,6,502,51,2485.58,2,1,2,0.4346,5,18.85,1
0.2,20,4,226,16,1926.48,1,0,1,0.7383,1,12.0,0
0.0,2,0,32,12,3754.52,4,0,1,0.2117,0,0.0,0
0.0,1,0,19,17,2261.29,5,0,1,0.0219,0,0.0,1
1.0,3,3,24,20,675.63,2,1,2,0.1687,1,19.92,0
0.0,0,0,37,37,1928.47,3,1,3,0.0936,0,0.0,0
0.3333,3,1,26,26,2523.15,3,1,3,0.3949,1,19.28,0
0.0,3,0,39,10,2664.07,4,0,1,0.3114,0,0.0,0
1.0,1,1,41,22,1719.54,1,0,1,0.2295,0,13.26,0
0.3333,3,1,40,23,1762.24,2,0,1,0.3584,0,21.98,0
0.0,0,0,37,37,2076.1,5,0,1,0.3976,0,0.0,0
0.0,0,0,56,56,2118.03,3,0,1,0.3007,0,0.0,0
0.0,2,0,10,10,2539.65,5,0,1,0.3429,0,0.0,0
0.6667,3,2,35,10,5963.97,2,1,2,0.1819,0,12.51,1
1.0,2,2,19,19,1515.85,2,1,2,0.2906,0,6.92,1
0.5,2,1,26,26,2804.49,4,0,1,0.2006,0,11.11,1
0.0,1,0,49,10,4707.88,3,0,1,0.5518,0,0.0,0
0.5,2,1,57,21,1662.57,1,0,1,0.3851,0,5.96,1
0.0,3,0,28,11,3438.3,2,0,1,0.4262,0,0.0,0
1.0,1,1,4,4,3552.79,5,1,2,0.1638,0,15.76,1
1.0,1,1,38,14,1861.22,4,1,3,0.5386,0,22.51,1
0.6667,3,2,23,23,2123.81,1,0,1,0.3642,1,10.22,0
0.0,0,0,44,44,2362.36,3,0,1,0.3851,0,0.0,1
0.0,0,0,51,51,1514.2,5,0,1,0.2752,0,0.0,0
0.5,2,1,27,13,2256.96,3,0,1,0.4292,0,7.1,1
0.0,0,0,1,1,2223.36,2,0,1,0.2519,0,0.0,0
0.0,2,0,46,8,972.98,2,0,1,0.3391,0,0.0,0
0.0,1,0,22,22,1692.84,1,0,1,0.2689,0,0.0,0
0.0,2,0,22,22,2099.86,4,0,1,0.3128,0,0.0,0
0.0,0,0,37,37,2074.85,2,1,2,0.2077,0,0.0,0
0.0,0,0,21,21,5141.13,5,1,2,0.1291,0,0.0,0
0.5,2,1,35,13,1263.43,2,0,1,0.2632,0,23.34,0
0.0,2,0,57,27,1768.3,2,0,1,0.289,0,0.0,0
0.0,2,0,5,5,3189.95,4,0,1,0.7054,0,0.0,1
0.0,2,0,1,1,1241.92,1,0,1,0.3274,0,0.0,0
0.0,3,0,47,40,2773.57,3,0,1,0.5093,0,0.0,0
0.0,3,0,32,32,2473.15,3,0,1,0.4457,0,0.0,0
1.0,2,2,15,15,2073.22,3,1,2,0.1432,0,9.11,1
0.6667,3,2,16,16,1677.26,3,1,2,0.1286,0,22.74,0
0.0,1,0,57,11,1926.75,1,0,1,0.2064,0,0.0,0
1.0,2,2,30,19,2139.91,1,0,1,0.329,1,13.85,1
0.0,0,0,55,55,3577.92,4,1,4,0.2364,0,0.0,1
1.0,2,2,6,6,2247.36,2,0,1,0.2314,2,8.66,1
0.0,1,0,5,5,2197.42,2,0,1,0.227,0,0.0,0
0.5,2,1,22,11,3293.14,5,1,2,0.2156,0,17.97,0
0.0,0,0,36,36,2811.21,4,0,1,0.2789,0,0.0,0
0.3333,3,1,37,22,1468.03,1,0,1,0.306,1,13.5,0
0.0,0,0,58,58,2012.26,4,0,1,0.3722,0,0.0,1
0.3333,3,1,50,9,2982.53,2,0,1,0.4852,0,23.37,0
0.0,2,0,32,25,4386.98,3,1,3,0.3569,0,0.0,0
1.0,1,1,21,21,1626.02,1,0,1,0.3136,0,24.46,1
0.0,3,0,50,8,1218.31,2,1,2,0.3745,0,0.0,0
1.0,1,1,28,11,5823.1,4,1,4,0.0882,1,12.93,1
1.0,3,3,22,19,3978.44,5,1,3,0.282,1,17.98,1
0.5,2,1,7,7,3911.4,3,1,2,0.4095,1,9.51,1
0.0,0,0,43,43,1785.45,2,0,1,0.1708,0,0.0,0
0.0,0,0,26,26,5683.94,5,1,3,0.0788,0,0.0,0
0.0,0,0,57,57,2006.65,2,0,1,0.2906,0,0.0,0
0.0,3,0,29,20,3607.32,4,0,1,0.4622,0,0.0,1
0.0,1,0,19,19,1642.39,1,0,1,0.2416,0,0.0,0
0.0,1,0,56,56,1271.99,1,0,1,0.2381,0,0.0,0
0.0,1,0,6,6,1179.81,1,0,1,0.1498,0,0.0,0
0.0,0,0,50,50,2720.32,3,0,1,0.2845,0,0.0,0
0.3333,3,1,2,2,945.38,2,1,2,0.2514,0,9.67,1
0.0,0,0,26,26,1534.36,2,0,1,0.2932,0,0.0,1
0.0,3,0,29,21,1875.51,1,0,1,0.3576,0,0.0,0
0.0,1,0,54,9,2052.63,1,0,1,0.1268,0,0.0,1
0.0,0,0,35,35,4396.15,3,0,1,0.3093,0,0.0,0
0.0,0,0,47,47,1209.39,3,0,1,0.3438,0,0.0,1
1.0,1,1,51,51,1233.65,2,1,2,0.4697,1,12.01,1
0.3333,3,1,58,33,1895.59,2,0,1,0.5169,0,10.13,0
0.0,0,0,20,20,1285.75,2,0,1,0.1541,0,0.0,0
0.0,1,0,38,38,1303.92,1,0,1,0.1644,0,0.0,0
0.0,3,0,54,22,1946.69,2,0,1,0.251,0,0.0,0
0.6667,3,2,38,28,2201.48,4,0,1,0.1858,0,18.92,0
0.0,0,0,30,30,1140.1,3,0,1,0.2148,0,0.0,0
0.5,2,1,41,6,2244.56,1,0,1,0.1723,0,12.66,0
1.0,3,3,17,15,2804.07,5,0,1,0.49,1,24.85,0
0.3333,3,1,21,11,3165.47,3,1,2,0.4839,1,22.0,0
0.0,0,0,34,34,1539.9,1,0,1,0.2274,0,0.0,0
0.3333,3,1,3,3,1471.76,2,0,1,0.164,0,11.82,1
0.0,0,0,52,52,3137.05,3,1,2,0.2934,0,0.0,0
0.0,1,0,35,35,4020.38,4,1,2,0.2911,0,0.0,0
0.0,2,0,1,1,1787.13,1,0,1,0.4611,0,0.0,0
0.0,1,0,2,2,2113.72,3,1,3,0.3116,0,0.0,0
1.0,2,2,4,4,2207.31,5,0,1,0.4058,0,21.66,1
0.0,1,0,45,12,2507.55,4,0,1,0.1384,0,0.0,1
0.0,2,0,51,16,2119.37,2,0,1,0.1814,0,0.0,0
0.0,1,0,12,12,3282.12,3,1,3,0.3428,0,0.0,0
0.0,2,0,13,8,934.98,1,0,1,0.656,0,0.0,0
0.0,1,0,6,6,3238.07,2,0,1,0.3445,0,0.0,0
0.0,0,0,25,25,1960.13,2,0,1,0.2768,0,0.0,0
0.0,0,0,29,29,1587.01,1,0,1,0.5708,0,0.0,0
0.0,2,0,58,14,2405.64,4,0,1,0.3943,0,0.0,0
0.0,3,0,25,17,2619.37,3,1,2,0.4221,0,0.0,0
0.3333,3,1,12,12,1241.47,4,1,4,0.3975,0,16.12,1
0.3333,3,1,57,45,2292.12,1,0,1,0.1848,0,14.72,1
0.0,1,0,18,18,1076.8,2,1,2,0.5752,0,0.0,0
0.6667,3,2,60,40,2379.0,3,1,2,0.3519,1,13.59,1
0.6667,3,2,39,12,2486.26,1,0,1,0.2355,1,21.24,0
0.0,2,0,23,23,7209.38,4,0,1,0.2863,0,0.0,1
0.0,1,0,23,22,2251.95,3,0,1,0.4417,0,0.0,0
0.0,1,0,38,27,3637.23,5,0,1,0.4748,0,0.0,0
1.0,2,2,53,26,3836.47,4,0,1,0.1227,1,12.13,1
0.0,3,0,2,2,1746.36,1,0,1,0.0722,0,0.0,1
0.0,2,0,11,11,3445.13,4,1,2,0.3124,0,0.0,0
0.0,2,0,11,11,3042.68,2,0,1,0.1893,0,0.0,0
0.0,0,0,52,52,1600.49,2,1,2,0.3795,0,0.0,0
0.0,0,0,51,51,1796.95,2,0,1,0.2885,0,0.0,0
0.0,3,0,29,15,1843.0,3,0,1,0.4206,0,0.0,0
0.0,0,0,47,47,1606.55,3,0,1,0.5083,0,0.0,0
0.0,2,0,49,14,4355.3,1,0,1,0.4042,0,0.0,0
0.0,2,0,50,20,2703.35,2,0,1,0.4254,0,0.0,0
0.6667,3,2,6,6,1357.57,3,0,1,0.4462,0,18.15,0
0.0,1,0,23,17,3484.92,3,1,2,0.4505,0,0.0,0
0.6667,3,2,60,14,3436.54,3,1,3,0.5473,0,15.96,1
0.0,1,0,30,22,1250.38,1,0,1,0.3817,0,0.0,0
0.0,3,0,7,7,954.93,2,0,1,0.4909,0,0.0,0
0.3333,3,1,25,25,868.75,2,0,1,0.3863,0,7.31,1
0.0,1,0,33,17,1683.98,1,0,1,0.3728,0,0.0,0
1.0,1,1,22,12,2210.22,1,0,1,0.5307,0,19.7,0
0.5,2,1,60,17,1229.74,2,0,1,0.1516,1,14.18,0
1.0,1,1,38,21,3814.37,5,0,1,0.2326,0,16.24,0
0.0,1,0,51,15,983.74,2,0,1,0.2632,0,0.0,0
0.0,1,0,34,16,2293.97,3,0,1,0.2432,0,0.0,0
1.0,1,1,22,22,2077.23,1,0,1,0.2262,0,14.92,0
0.5,2,1,17,15,3652.96,5,0,1,0.6293,1,21.45,0
0.871,31,27,263,10,3989.81,4,1,4,0.4316,8,4.02,1
0.8182,11,9,492,8,4390.71,5,0,1,0.5753,4,6.04,0
0.7931,29,23,656,13,4341.58,6,0,1,0.5813,8,3.35,0
0.6538,26,17,530,8,4770.84,2,0,1,0.4745,8,5.27,1
0.8696,23,20,400,22,5114.25,3,1,3,0.5862,7,5.01,1
0.8182,22,18,272,16,3900.09,2,1,2,0.6345,7,2.99,1
1.0,38,38,154,8,3819.96,2,1,2,0.4435,8,3.44,1
0.4348,23,10,128,6,5432.41,3,0,1,0.3383,6,4.06,1
0.6897,29,20,768,10,2480.03,3,0,1,0.6075,8,2.83,0
0.6154,39,24,166,11,3834.81,5,0,1,0.472,8,4.85,1
0.6471,17,11,633,14,3957.24,5,1,4,0.2627,6,2.3,0
0.8,30,24,409,16,6497.64,4,1,4,0.4303,6,4.28,1
0.8529,34,29,719,12,3779.63,6,1,3,0.7893,8,3.29,0
0.8974,39,35,107,9,6071.18,4,0,1,0.6743,8,3.67,1
0.64,25,16,800,15,4025.94,4,1,4,0.3715,8,3.54,1
0.4706,17,8,421,13,6926.26,4,1,3,0.6124,3,2.59,1
0.6957,23,16,550,3,4520.12,4,0,1,0.4349,8,2.28,1
0.2581,31,8,705,7,2420.59,2,0,1,0.445,4,4.47,1
0.4444,18,8,723,18,3551.68,3,1,3,0.7411,6,8.34,1
0.7576,33,25,506,11,1940.87,2,0,1,0.5348,8,2.27,1
0.7188,32,23,439,8,3902.39,4,1,3,0.7384,8,5.71,0
0.5,22,11,673,8,6852.43,6,1,3,0.788,5,2.59,1
0.9062,32,29,743,8,2482.92,3,1,2,0.1896,8,2.48,1
0.7436,39,29,267,5,5071.46,4,0,1,0.3376,8,2.66,0
1.0,31,31,680,12,5187.62,3,0,1,0.5582,8,5.77,0
0.8333,30,25,750,8,4255.28,4,0,1,0.5165,8,2.99,0
0.7143,14,10,187,16,4348.57,4,1,4,0.6006,5,4.93,1
0.5625,32,18,530,9,5381.48,6,0,1,0.5739,8,2.72,1
0.6897,29,20,613,5,3446.39,4,1,4,0.5726,8,2.73,1
0.9091,11,10,686,16,4331.0,4,0,1,0.4834,3,4.12,0
0.7647,34,26,363,9,5078.07,4,1,4,0.4404,8,4.1,1
0.9286,14,13,153,7,10194.69,6,1,2,0.4483,7,4.21,1
0.875,40,35,427,6,2301.27,3,0,1,0.2603,8,2.72,1
0.6,15,9,791,8,2600.34,3,0,1,0.5887,2,5.0,0
0.8846,26,23,157,8,6453.77,6,0,1,0.6441,8,3.36,1
0.5926,27,16,693,12,4402.79,4,1,2,0.5563,6,1.79,1
0.7419,31,23,258,13,3965.61,6,1,3,0.6051,8,6.14,1
0.3,10,3,748,14,2622.3,5,1,2,0.5397,3,3.21,0
1.0,39,39,402,12,5363.68,4,1,4,0.3777,8,2.47,1
0.7692,13,10,531,12,4322.81,4,0,1,0.3574,6,4.39,0
0.3889,36,14,193,12,3997.49,3,1,2,0.2116,5,3.35,1
0.375,40,15,216,30,6040.31,2,1,2,0.3951,5,3.07,1
0.6552,29,19,500,4,2779.78,2,1,2,0.5457,8,5.09,1
0.8095,21,17,164,18,2583.95,3,1,3,0.6214,8,3.82,1
0.925,40,37,734,5,4584.44,6,1,2,0.5869,8,4.06,1
0.76,25,19,128,16,3198.78,4,1,3,0.7383,8,3.36,0
0.28,25,7,612,11,9208.07,6,1,4,0.4826,4,2.33,1
0.6667,15,10,150,15,3051.83,6,1,4,0.4457,4,5.83,1
0.7143,14,10,669,14,3411.73,4,1,4,0.4806,1,3.64,1
0.65,40,26,535,10,1552.95,2,1,2,0.4305,8,2.12,1
0.4118,17,7,684,4,6482.25,6,1,2,0.424,4,2.22,1
0.4615,13,6,603,24,3621.08,3,1,3,0.6151,5,1.92,1
0.4722,36,17,627,9,4765.9,3,1,3,0.7269,7,3.78,0
0.7059,34,24,312,14,3906.26,4,0,1,0.6354,8,6.96,1
0.5385,26,14,295,15,4984.62,3,1,3,0.4692,4,4.68,1
0.3462,26,9,380,10,7419.91,6,0,1,0.5841,4,3.61,1
0.6,10,6,380,11,2170.04,2,0,1,0.4276,3,5.82,0
0.8095,21,17,273,7,3085.28,2,0,1,0.2895,8,2.6,1
0.7368,19,14,327,8,3935.16,5,0,1,0.5365,3,4.79,1
0.875,16,14,262,20,2684.19,3,1,2,0.4807,7,3.13,1
0.7308,26,19,158,16,5667.73,5,1,2,0.3948,7,4.56,1
0.7419,31,23,246,9,4487.01,2,0,1,0.3632,8,4.42,0
0.6842,38,26,529,20,4136.31,3,1,2,0.624,7,4.04,0
0.8571,21,18,387,7,3422.4,2,1,2,0.6495,8,5.18,1
0.5,34,17,397,21,3579.75,2,1,2,0.5792,8,2.8,1
0.6667,30,20,769,9,3310.49,6,0,1,0.4537,8,2.18,0
0.7143,14,10,618,5,2703.77,3,0,1,0.6335,3,3.26,1
0.7143,28,20,125,6,2279.1,5,1,3,0.7201,8,1.91,1
0.6429,14,9,475,13,3423.63,4,0,1,0.3999,4,3.79,1
0.5789,19,11,505,20,5096.14,2,0,1,0.4779,6,6.71,0
0.8,20,16,531,13,7617.0,3,1,3,0.739,7,3.17,1
0.2174,23,5,389,7,2157.5,2,1,2,0.53,3,3.59,1
0.625,40,25,392,6,3335.57,4,1,4,0.6222,8,3.53,1
0.7027,37,26,367,17,6094.18,3,1,2,0.5817,8,3.65,1
0.5152,33,17,295,6,2404.84,3,1,2,0.7283,6,6.75,1
0.8333,12,10,541,10,3366.67,4,0,1,0.613,5,6.29,1
0.7222,18,13,254,9,4618.64,3,1,3,0.6098,4,2.73,1
0.5294,17,9,480,8,6197.13,6,1,3,0.4415,8,2.75,1
0.76,25,19,674,34,3514.0,6,1,2,0.7301,8,3.58,0
0.7059,17,12,333,6,3737.78,4,1,3,0.508,1,6.44,1
0.8571,14,12,388,9,7261.46,4,1,3,0.474,4,3.63,1
0.75,40,30,374,20,3856.39,3,1,3,0.5394,8,3.76,1
0.8095,21,17,276,7,2080.32,5,0,1,0.3348,8,4.27,1
0.1818,11,2,683,22,2833.06,4,1,2,0.7031,1,7.26,1
0.4375,32,14,370,9,6351.91,4,1,2,0.6443,8,4.64,1
0.619,21,13,612,12,4752.58,4,0,1,0.6045,6,2.2,0
0.7097,31,22,328,10,7205.51,6,1,2,0.5152,8,3.28,1
0.9167,36,33,488,6,4485.41,2,1,2,0.4382,8,3.57,1
0.4762,21,10,639,13,3072.46,6,1,2,0.3764,4,3.83,0
0.625,16,10,748,8,6914.81,5,1,2,0.4624,6,3.81,1
0.5625,32,18,391,6,4108.32,4,1,3,0.2259,5,3.64,1
0.9091,11,10,523,8,4895.52,6,0,1,0.7466,2,2.82,1
0.6316,19,12,217,6,4661.57,4,1,4,0.5441,6,2.73,1
0.5238,21,11,642,7,2875.46,3,0,1,0.4303,2,3.15,0
0.8125,16,13,374,7,3779.05,6,1,3,0.7033,8,5.22,1
0.931,29,27,646,8,2558.1,4,1,3,0.4897,8,2.38,1
0.6,40,24,122,10,5734.31,3,1,3,0.5224,8,1.18,0
0.8333,36,30,736,15,3949.71,6,0,1,0.4993,8,4.0,0
0.675,40,27,600,6,7173.85,3,0,1,0.3962,8,3.52,1
0.8,10,8,430,5,4560.37,6,1,3,0.5667,8,1.77,1
0.56,25,14,593,11,5365.42,3,1,2,0.7395,8,3.26,1
0.3571,14,5,191,9,3761.73,2,0,1,0.2963,1,2.97,0
0.4545,11,5,718,6,4593.16,4,0,1,0.6779,3,2.35,0
0.7222,18,13,595,16,5413.77,4,1,2,0.6619,5,3.79,1
0.875,16,14,426,9,5195.33,4,1,3,0.5662,7,2.22,0
0.4848,33,16,290,13,2933.52,3,1,3,0.2858,8,1.92,0
0.4783,23,11,500,13,2225.17,4,1,2,0.5037,7,2.2,1
0.5833,36,21,620,15,2616.97,4,1,3,0.5278,8,3.8,1
0.8182,22,18,656,6,7275.57,6,1,4,0.5426,8,2.77,1
0.7647,17,13,277,11,4178.37,3,1,3,0.5088,4,2.94,1
0.3333,12,4,549,8,5028.58,6,0,1,0.5054,2,4.56,0
0.6667,30,20,697,5,3126.89,3,1,3,0.6025,7,5.31,1
0.4667,15,7,414,11,2968.85,4,1,3,0.3307,6,2.17,0
0.6842,19,13,660,9,5770.64,3,1,2,0.4258,8,2.64,1
0.6364,11,7,717,16,3565.65,4,0,1,0.7946,1,2.43,1
0.7949,39,31,135,11,2717.37,3,0,1,0.4701,8,4.98,1
0.6765,34,23,769,15,5194.23,5,1,3,0.4709,8,1.68,1
0.7857,14,11,411,11,3643.09,2,1,2,0.8312,6,3.14,1
0.9118,34,31,322,10,7166.87,4,1,2,0.5424,8,4.02,1
0.7333,15,11,728,8,3495.89,5,0,1,0.6604,5,3.82,1
0.9118,34,31,799,10,3135.81,5,1,2,0.312,8,3.59,0
0.871,31,27,793,18,3350.12,2,0,1,0.3418,8,4.64,1
0.6923,26,18,756,10,3320.57,2,0,1,0.6611,7,2.62,0
0.7647,17,13,201,8,3571.44,6,0,1,0.6483,3,2.06,0
0.5429,35,19,692,7,3125.61,4,1,3,0.4683,8,4.84,0
0.6552,29,19,789,11,4933.82,4,0,1,0.4787,8,4.16,1
0.6176,34,21,530,7,4091.9,6,0,1,0.6214,8,2.36,1
0.6875,32,22,193,8,3448.16,4,1,3,0.4357,8,2.12,0
0.6667,18,12,335,10,3046.62,2,1,2,0.5417,6,2.08,1
0.5625,32,18,543,8,10477.33,3,0,1,0.5245,6,7.03,0
0.7188,32,23,200,11,2740.63,4,1,4,0.3383,8,1.87,1
0.5385,13,7,356,5,6216.39,6,0,1,0.3443,3,5.31,0
0.3077,13,4,373,7,4129.84,5,0,1,0.4128,2,2.72,1
0.9091,11,10,551,21,5867.47,6,1,2,0.3471,5,5.23,1
0.6154,13,8,555,17,2306.69,3,0,1,0.3824,6,3.1,1
0.2778,36,10,473,7,8287.58,6,1,3,0.5781,2,7.35,0
0.8182,11,9,799,16,3359.94,5,0,1,0.3757,4,2.94,1
0.4706,34,16,609,18,4069.33,6,1,4,0.3455,8,2.96,1
0.5385,26,14,528,7,2977.04,6,1,3,0.6921,8,7.33,1
0.8,10,8,535,7,3646.79,4,0,1,0.3927,4,2.15,0
0.5385,39,21,291,13,3663.41,5,0,1,0.4698,8,4.44,1
0.5714,14,8,608,6,3616.29,4,1,3,0.6309,6,4.94,1
0.6,25,15,188,10,3489.66,3,1,3,0.3506,8,1.93,1
0.7879,33,26,351,11,3749.63,4,1,2,0.305,8,3.27,1
0.5758,33,19,331,16,5311.25,6,1,3,0.2414,8,3.66,1
0.6429,28,18,162,9,1784.93,4,1,4,0.4338,7,3.15,1
0.5172,29,15,271,13,5315.56,6,0,1,0.8649,3,3.02,1
0.8519,27,23,683,6,4523.74,4,0,1,0.8275,7,2.76,0
0.4194,31,13,318,17,5180.84,6,1,3,0.6482,6,3.93,1
0.7857,14,11,396,11,3209.16,4,1,4,0.5068,8,2.94,1
0.7692,26,20,649,10,2566.26,6,1,2,0.6426,8,4.7,1
0.8387,31,26,653,9,2883.63,3,1,3,0.4418,8,3.83,1
0.2,10,2,442,5,2704.46,6,1,2,0.5303,1,2.19,0
0.8065,31,25,378,8,2050.7,2,0,1,0.8732,8,4.51,1
0.7,30,21,644,9,2490.66,3,1,2,0.6016,8,4.74,1
0.5789,38,22,205,8,3285.78,3,1,3,0.592,8,2.65,1
0.5714,14,8,679,11,3509.56,3,1,3,0.8101,8,2.65,1
0.5,14,7,359,7,3662.26,4,1,4,0.4943,6,3.22,1
0.5217,23,12,317,9,4354.6,5,0,1,0.5855,7,6.05,1
0.5417,24,13,354,12,4013.66,5,0,1,0.6608,4,3.26,1
0.6429,14,9,278,15,4890.09,4,1,3,0.3002,4,4.34,1
0.6471,17,11,162,5,5234.91,3,1,3,0.4588,4,5.13,1
0.6667,21,14,715,6,4708.07,4,0,1,0.2282,8,5.38,0
0.4074,27,11,640,5,2296.33,2,0,1,0.3934,6,3.11,0
0.6,10,6,773,11,3588.58,2,0,1,0.6433,3,2.8,0
0.45,40,18,605,7,3561.35,5,1,2,0.5574,8,1.97,1
0.1176,17,2,250,10,3627.44,4,1,4,0.8047,2,4.1,1
0.75,16,12,452,8,3623.27,5,0,1,0.6823,7,3.68,0
0.8,30,24,765,17,4975.31,6,1,3,0.6954,8,2.75,1
0.7037,27,19,759,16,2949.74,6,1,4,0.416,7,2.48,1
0.76,25,19,706,9,6747.45,5,1,2,0.2125,8,5.83,0
0.9677,31,30,515,21,2764.11,3,1,2,0.3741,8,3.7,1
0.7083,24,17,722,11,4110.95,4,1,2,0.6323,8,3.91,1
0.8,10,8,638,6,2273.05,2,0,1,0.2244,7,4.63,0
0.6552,29,19,540,11,3139.97,4,0,1,0.6457,8,3.49,0
0.2941,17,5,520,5,2761.55,3,1,3,0.2822,2,3.37,1
0.3478,23,8,614,6,4891.56,5,0,1,0.4222,1,4.44,1
0.75,36,27,516,9,2891.17,6,1,3,0.6079,8,3.6,1
0.9231,26,24,129,11,4602.92,4,1,4,0.6363,8,3.18,1
0.8333,12,10,719,15,2745.25,2,1,2,0.3177,4,4.3,0
0.8333,18,15,508,8,2677.74,4,1,2,0.7109,5,3.21,1
0.619,21,13,155,9,4735.92,2,0,1,0.4227,7,3.77,1
0.2308,26,6,301,10,7955.74,5,1,4,0.5095,4,3.92,0
0.875,16,14,565,8,7788.85,3,1,3,0.5315,5,3.98,1
0.85,20,17,375,12,3319.51,4,1,4,0.5326,8,4.32,1
0.75,12,9,662,32,2681.18,4,1,2,0.8082,8,3.87,1
0.5926,27,16,310,21,3852.13,5,1,3,0.5587,8,3.32,1
0.5152,33,17,150,13,4391.02,6,0,1,0.6164,5,4.47,1
0.9375,16,15,655,11,3143.64,3,0,1,0.4129,6,5.03,1
0.6,10,6,329,8,6550.63,4,1,2,0.449,1,3.86,1
0.8333,18,15,641,9,2463.11,4,0,1,0.4874,8,4.69,0
0.8333,18,15,575,14,2435.2,2,0,1,0.6299,6,2.0,1
0.5135,37,19,634,6,3346.15,6,1,4,0.4736,8,7.75,0
0.3684,19,7,430,21,3724.26,2,0,1,0.6651,6,3.62,0
0.8636,22,19,646,7,5287.43,4,1,4,0.6952,7,6.89,1
0.5625,16,9,120,15,2783.46,2,0,1,0.671,7,2.25,1
0.4,10,4,400,5,2316.33,3,1,2,0.5527,1,2.95,1
0.9,10,9,571,12,3191.99,6,1,3,0.6807,4,4.09,1
0.6207,29,18,302,14,2348.43,2,1,2,0.7048,7,2.77,0
0.5938,32,19,636,5,5110.89,5,0,1,0.6708,8,3.17,1
0.4667,15,7,203,8,6149.41,5,0,1,0.4929,3,4.16,1
0.7931,29,23,119,7,3710.93,4,1,4,0.7881,8,3.9,1
0.4,35,14,498,7,5592.23,5,1,3,0.5444,6,5.36,0
0.6757,37,25,501,8,4581.22,5,0,1,0.6267,8,4.15,1
0.8125,16,13,745,9,3702.11,3,1,3,0.3472,6,4.14,1
0.8378,37,31,482,6,2584.69,3,1,3,0.2745,8,4.2,1
0.2143,14,3,539,8,3396.66,3,1,2,0.4069,2,6.67,0
0.6364,11,7,470,19,3784.39,4,1,4,0.773,3,2.05,1
0.7619,21,16,678,15,2797.7,4,1,2,0.4396,8,3.83,1
0.7027,37,26,471,6,2322.62,4,0,1,0.3445,6,4.32,0
0.8182,22,18,320,14,3416.91,3,0,1,0.3595,3,3.28,0
0.4595,37,17,307,14,2999.91,6,0,1,0.5993,6,1.5,0
0.8667,30,26,187,13,7867.59,6,0,1,0.4089,5,2.42,1
0.2308,13,3,294,3,4968.07,3,0,1,0.4703,1,5.73,0
0.6,30,18,272,9,6524.79,6,0,1,0.5823,8,1.63,1
0.5806,31,18,748,11,4625.29,5,1,3,0.4585,8,3.06,1
0.8,25,20,324,8,4401.24,5,1,3,0.4358,7,7.29,1
0.5,18,9,511,6,4058.96,3,1,3,0.3872,4,2.31,0
0.7778,36,28,800,8,3748.9,6,0,1,0.4144,8,3.91,0
0.6,30,18,494,7,6789.94,5,0,1,0.5672,8,3.6,1
0.5946,37,22,282,30,2072.13,4,1,4,0.3787,8,5.63,1
0.7037,27,19,124,6,2671.39,2,0,1,0.2839,8,2.31,1
0.7273,33,24,298,7,4721.01,6,0,1,0.1528,8,4.76,1
0.5625,16,9,124,7,9539.83,6,1,2,0.7498,5,4.37,1
0.4706,34,16,794,15,8343.42,6,0,1,0.2252,7,3.68,0
0.5,38,19,424,24,3882.66,5,1,2,0.4617,7,2.33,0
0.5,34,17,749,5,5530.04,4,0,1,0.5441,7,5.42,0
0.7083,24,17,279,19,4337.61,5,1,3,0.3842,7,2.88,1
0.6207,29,18,656,9,2234.22,2,0,1,0.3847,8,4.09,0
0.6333,30,19,576,5,3978.13,3,1,2,0.5282,8,2.69,1
0.675,40,27,141,17,5903.81,6,1,4,0.2568,8,4.0,1
0.5938,32,19,497,8,4112.55,4,1,2,0.3753,6,4.17,1
0.697,33,23,318,9,3966.83,4,1,2,0.405,6,4.04,1
0.5,14,7,683,11,4064.24,5,0,1,0.7426,1,2.63,0
0.55,40,22,670,7,2243.1,3,0,1,0.3958,8,1.94,0
0.7222,36,26,454,9,3682.56,4,1,2,0.5654,8,6.18,1
0.7436,39,29,736,12,3437.01,4,1,4,0.4853,8,2.72,1
0.8,20,16,673,10,2943.28,3,1,3,0.481,8,3.63,1
0.6875,16,11,581,12,4661.62,4,0,1,0.2779,6,3.12,0
0.6471,34,22,170,10,3721.8,6,1,4,0.3416,8,2.14,1
0.4667,30,14,608,5,12645.19,5,0,1,0.3116,6,2.71,0
0.5833,12,7,190,9,5574.6,5,1,2,0.5327,5,7.27,1
0.9167,12,11,492,12,4381.28,5,1,3,0.543,5,3.61,1
0.6842,19,13,186,12,6650.77,5,0,1,0.7156,7,3.96,1
0.8667,15,13,322,7,4677.55,6,1,2,0.4057,6,8.62,1
0.725,40,29,161,9,3574.95,3,1,2,0.7315,8,5.98,1
0.8947,38,34,354,15,6155.24,4,1,4,0.3516,8,3.64,1
0.4324,37,16,452,14,4472.25,5,1,2,0.5936,8,4.04,0
0.5556,27,15,270,5,5248.8,5,1,2,0.358,6,4.67,1
0.6,15,9,550,9,6877.88,6,1,4,0.4314,5,3.37,1
0.3,20,6,616,11,3366.35,4,1,3,0.3817,4,3.08,1
0.6111,18,11,500,19,3937.61,6,0,1,0.501,6,3.06,0
0.4848,33,16,571,5,3955.74,5,0,1,0.5195,7,1.68,1
0.7647,34,26,125,7,2990.76,3,1,3,0.5396,8,3.38,1
0.72,25,18,167,6,2926.98,3,0,1,0.7837,8,5.51,1
0.5484,31,17,130,15,1903.86,3,1,3,0.3832,5,2.74,0
0.9286,14,13,709,25,2822.88,5,1,3,0.4038,8,3.74,1
0.8108,37,30,396,27,4141.06,6,1,2,0.5395,8,4.04,1
0.5161,31,16,610,10,2335.66,5,0,1,0.377,4,3.27,1
0.9286,14,13,124,17,5040.41,4,0,1,0.4945,6,4.79,1
0.381,21,8,402,7,8110.57,5,1,2,0.2712,4,3.73,0
0.6296,27,17,383,28,2955.99,6,1,3,0.3843,7,3.58,0
0.8696,23,20,767,6,2873.85,4,0,1,0.7571,8,2.98,0
0.7619,21,16,138,5,5731.53,2,1,2,0.2301,8,2.31,1
0.8148,27,22,308,6,2600.28,3,1,3,0.671,8,3.1,1
0.8,35,28,659,9,2843.67,2,0,1,0.7715,8,4.54,0
0.6429,14,9,706,15,4085.18,6,1,2,0.3987,5,3.65,0
0.8214,28,23,508,15,5574.24,6,0,1,0.444,8,3.11,0
0.8438,32,27,230,21,2152.25,4,0,1,0.6435,8,3.42,0
0.5,14,7,169,6,7825.57,4,0,1,0.6561,6,2.06,0
0.76,25,19,732,3,2830.39,4,0,1,0.4765,7,5.29,1
0.7368,19,14,652,17,2329.49,3,0,1,0.3854,5,2.83,0
0.8421,19,16,589,9,6320.12,4,1,4,0.7764,6,3.49,1
0.7931,29,23,576,11,4214.4,5,0,1,0.7189,8,1.59,0
0.4783,23,11,147,6,3301.46,4,1,4,0.4114,5,6.33,0
0.8421,19,16,551,15,5420.29,6,0,1,0.2648,8,2.4,0
0.6087,23,14,348,5,3491.4,4,1,3,0.4923,5,2.82,1
0.6,15,9,242,4,2992.67,2,0,1,0.7146,2,2.59,0
1.0,20,20,509,11,2909.85,4,0,1,0.7548,6,3.03,1
0.8529,34,29,615,10,4903.7,3,1,3,0.6153,8,5.86,1
0.6667,27,18,293,18,2371.45,2,0,1,0.4435,3,2.93,0
0.225,40,9,441,13,3764.28,6,0,1,0.7065,7,4.46,0
0.7436,39,29,561,34,3466.52,4,1,3,0.4577,8,2.36,0
0.8065,31,25,220,8,5960.96,4,1,2,0.5288,8,5.49,0
0.7222,18,13,574,16,4360.46,4,0,1,0.3354,6,5.58,0
0.7222,36,26,354,11,3103.21,3,0,1,0.7032,8,2.14,0
0.7143,14,10,703,14,3056.11,3,1,3,0.5288,6,4.04,1
0.6774,31,21,100,6,3057.02,3,1,2,0.5669,7,3.64,1
0.2143,14,3,391,15,3461.55,4,0,1,0.2216,3,2.49,1
0.84,25,21,104,19,4283.38,6,1,4,0.7082,8,2.01,1
0.8966,29,26,711,10,2472.42,4,1,3,0.6675,8,4.39,1
0.7027,37,26,483,32,7160.81,6,0,1,0.3574,6,3.11,0
0.8276,29,24,258,16,4362.16,4,0,1,0.2637,8,4.23,1
0.3571,14,5,602,14,5420.91,5,0,1,0.4405,3,3.87,1
0.5862,29,17,338,18,1923.94,2,1,2,0.2518,6,5.49,1
0.6389,36,23,695,30,2662.83,4,1,4,0.6752,8,3.83,1
0.5946,37,22,161,6,6277.88,6,1,4,0.4018,8,4.95,0
0.8462,26,22,652,13,5089.49,6,1,2,0.3711,7,2.67,1
0.9048,21,19,266,4,2504.93,2,1,2,0.2753,8,4.72,1
0.4444,27,12,373,12,4601.84,3,0,1,0.3623,4,2.07,0
